,Datetime,Open,High,Low,Close,Volume,ScripName,ScripCode
0,2022-01-03T00:00:00,1316.35,1339.9,1314.1,1326.15,2661272,HCLTECH,7229
1,2022-01-04T00:00:00,1329.5,1336.7,1307.25,1333.45,3367100,HCLTECH,7229
2,2022-01-05T00:00:00,1329.0,1330.0,1302.0,1310.75,3510253,HCLTECH,7229
3,2022-01-06T00:00:00,1290.0,1297.8,1277.0,1284.9,4409632,HCLTECH,7229
4,2022-01-07T00:00:00,1297.55,1298.5,1282.2,1290.55,3898684,HCLTECH,7229
5,2022-01-10T00:00:00,1304.85,1304.85,1280.0,1288.1,2529949,HCLTECH,7229
6,2022-01-11T00:00:00,1288.65,1348.0,1280.0,1343.65,6772189,HCLTECH,7229
7,2022-01-12T00:00:00,1354.0,1357.1,1331.4,1352.15,3162044,HCLTECH,7229
8,2022-01-13T00:00:00,1340.0,1359.4,1321.15,1334.25,4598005,HCLTECH,7229
9,2022-01-14T00:00:00,1320.0,1342.95,1293.0,1337.2,5636243,HCLTECH,7229
10,2022-01-17T00:00:00,1273.0,1273.0,1243.4,1258.75,11973283,HCLTECH,7229
11,2022-01-18T00:00:00,1269.95,1269.95,1217.0,1219.75,7799487,HCLTECH,7229
12,2022-01-19T00:00:00,1220.0,1220.5,1191.0,1199.2,8464215,HCLTECH,7229
13,2022-01-20T00:00:00,1200.0,1201.4,1170.0,1175.35,6172404,HCLTECH,7229
14,2022-01-21T00:00:00,1175.35,1179.85,1155.0,1167.95,5514748,HCLTECH,7229
15,2022-01-24T00:00:00,1162.5,1164.5,1111.0,1124.9,5878438,HCLTECH,7229
16,2022-01-25T00:00:00,1115.0,1139.65,1088.4,1123.7,4725254,HCLTECH,7229
17,2022-01-27T00:00:00,1115.0,1115.95,1070.2,1077.75,8304735,HCLTECH,7229
18,2022-01-28T00:00:00,1079.0,1102.2,1077.25,1080.45,7654724,HCLTECH,7229
19,2022-01-31T00:00:00,1100.65,1113.95,1092.85,1099.4,7572995,HCLTECH,7229
20,2022-02-01T00:00:00,1116.7,1136.5,1101.25,1132.8,6783774,HCLTECH,7229
21,2022-02-02T00:00:00,1142.9,1173.85,1133.3,1170.95,6982539,HCLTECH,7229
22,2022-02-03T00:00:00,1162.0,1170.85,1151.0,1156.75,4169794,HCLTECH,7229
23,2022-02-04T00:00:00,1160.0,1167.1,1137.35,1163.8,3625482,HCLTECH,7229
24,2022-02-07T00:00:00,1157.0,1171.35,1146.0,1157.35,3824483,HCLTECH,7229
25,2022-02-08T00:00:00,1158.95,1169.85,1148.55,1161.95,3267641,HCLTECH,7229
26,2022-02-09T00:00:00,1172.0,1189.0,1166.0,1180.9,3772972,HCLTECH,7229
27,2022-02-10T00:00:00,1184.95,1191.9,1174.1,1190.35,2053245,HCLTECH,7229
28,2022-02-11T00:00:00,1179.0,1179.0,1158.05,1163.7,3912397,HCLTECH,7229
29,2022-02-14T00:00:00,1135.35,1164.35,1133.6,1146.45,3243813,HCLTECH,7229
30,2022-02-15T00:00:00,1153.5,1174.0,1148.1,1168.55,3000492,HCLTECH,7229
31,2022-02-16T00:00:00,1178.0,1182.65,1160.0,1167.8,1885868,HCLTECH,7229
32,2022-02-17T00:00:00,1174.0,1174.0,1160.0,1163.05,1644055,HCLTECH,7229
33,2022-02-18T00:00:00,1152.85,1170.1,1150.1,1165.0,2166690,HCLTECH,7229
34,2022-02-21T00:00:00,1153.1,1169.5,1150.2,1164.75,1706058,HCLTECH,7229
35,2022-02-22T00:00:00,1132.0,1154.15,1132.0,1149.55,3254855,HCLTECH,7229
36,2022-02-23T00:00:00,1156.0,1159.0,1148.05,1153.0,1937649,HCLTECH,7229
37,2022-02-24T00:00:00,1106.0,1134.95,1092.0,1098.55,5469084,HCLTECH,7229
38,2022-02-25T00:00:00,1115.6,1141.0,1115.0,1129.7,3213276,HCLTECH,7229
39,2022-02-28T00:00:00,1119.6,1133.3,1107.0,1126.95,4571884,HCLTECH,7229
40,2022-03-02T00:00:00,1124.65,1124.65,1109.0,1115.55,3867328,HCLTECH,7229
41,2022-03-03T00:00:00,1125.0,1152.0,1120.5,1139.7,3969380,HCLTECH,7229
42,2022-03-04T00:00:00,1128.0,1154.85,1122.65,1138.45,3522375,HCLTECH,7229
43,2022-03-07T00:00:00,1111.0,1161.4,1110.5,1154.2,5249845,HCLTECH,7229
44,2022-03-08T00:00:00,1156.0,1179.6,1155.0,1175.3,3805165,HCLTECH,7229
45,2022-03-09T00:00:00,1180.0,1195.0,1161.1,1182.7,3781326,HCLTECH,7229
46,2022-03-10T00:00:00,1198.2,1198.2,1175.0,1192.15,3834327,HCLTECH,7229
47,2022-03-11T00:00:00,1180.0,1207.15,1176.3,1193.45,2770879,HCLTECH,7229
48,2022-03-14T00:00:00,1193.45,1214.8,1177.65,1202.85,5740660,HCLTECH,7229
49,2022-03-15T00:00:00,1207.0,1214.3,1168.1,1176.85,3003066,HCLTECH,7229
50,2022-03-16T00:00:00,1190.15,1202.95,1185.0,1199.5,1894018,HCLTECH,7229
51,2022-03-17T00:00:00,1215.0,1215.0,1190.8,1196.9,6987787,HCLTECH,7229
52,2022-03-21T00:00:00,1199.9,1209.9,1165.1,1168.05,4046440,HCLTECH,7229
53,2022-03-22T00:00:00,1170.0,1181.75,1162.3,1176.4,4516870,HCLTECH,7229
54,2022-03-23T00:00:00,1190.0,1190.85,1170.0,1180.7,2338886,HCLTECH,7229
55,2022-03-24T00:00:00,1169.0,1194.0,1169.0,1192.1,2351703,HCLTECH,7229
56,2022-03-25T00:00:00,1199.0,1199.0,1175.4,1179.35,2489854,HCLTECH,7229
57,2022-03-28T00:00:00,1184.9,1187.6,1158.2,1163.95,3406258,HCLTECH,7229
58,2022-03-29T00:00:00,1167.0,1175.0,1163.65,1167.7,2443230,HCLTECH,7229
59,2022-03-30T00:00:00,1177.35,1181.95,1162.1,1165.2,3073672,HCLTECH,7229
60,2022-03-31T00:00:00,1174.8,1174.8,1161.0,1163.75,3006639,HCLTECH,7229
61,2022-04-01T00:00:00,1161.0,1174.0,1152.05,1169.65,2479745,HCLTECH,7229
62,2022-04-04T00:00:00,1173.2,1188.95,1168.0,1187.05,2282137,HCLTECH,7229
63,2022-04-05T00:00:00,1190.0,1203.0,1184.1,1195.45,2634464,HCLTECH,7229
64,2022-04-06T00:00:00,1190.0,1194.9,1167.5,1170.5,2838968,HCLTECH,7229
65,2022-04-07T00:00:00,1165.6,1180.75,1163.0,1173.3,3391918,HCLTECH,7229
66,2022-04-08T00:00:00,1179.0,1180.0,1162.55,1165.35,2656091,HCLTECH,7229
67,2022-04-11T00:00:00,1164.0,1164.0,1131.75,1133.5,5679058,HCLTECH,7229
68,2022-04-12T00:00:00,1129.8,1141.7,1119.55,1131.15,2906617,HCLTECH,7229
69,2022-04-13T00:00:00,1135.0,1143.1,1123.0,1125.1,1971580,HCLTECH,7229
70,2022-04-18T00:00:00,1110.0,1112.75,1084.6,1101.75,4391701,HCLTECH,7229
71,2022-04-19T00:00:00,1115.9,1115.95,1058.75,1070.25,3422431,HCLTECH,7229
72,2022-04-20T00:00:00,1075.0,1094.8,1064.7,1089.4,2573318,HCLTECH,7229
73,2022-04-21T00:00:00,1095.0,1105.05,1081.1,1099.2,2547848,HCLTECH,7229
74,2022-04-22T00:00:00,1086.6,1134.95,1081.1,1102.05,9567571,HCLTECH,7229
75,2022-04-25T00:00:00,1096.9,1098.0,1077.3,1089.85,3565801,HCLTECH,7229
76,2022-04-26T00:00:00,1104.0,1107.0,1085.05,1094.3,3213714,HCLTECH,7229
77,2022-04-27T00:00:00,1087.0,1099.9,1074.6,1095.6,3288792,HCLTECH,7229
78,2022-04-28T00:00:00,1092.0,1102.3,1073.3,1092.5,5202061,HCLTECH,7229
79,2022-04-29T00:00:00,1094.0,1100.5,1074.35,1079.25,2988180,HCLTECH,7229
80,2022-05-02T00:00:00,1073.0,1082.0,1062.0,1066.9,2584604,HCLTECH,7229
81,2022-05-04T00:00:00,1075.9,1076.0,1035.8,1044.95,3385725,HCLTECH,7229
82,2022-05-05T00:00:00,1059.0,1075.2,1047.1,1072.05,2982126,HCLTECH,7229
83,2022-05-06T00:00:00,1049.9,1056.65,1028.95,1050.2,4075606,HCLTECH,7229
84,2022-05-09T00:00:00,1044.0,1082.9,1034.1,1076.1,4207192,HCLTECH,7229
85,2022-05-10T00:00:00,1073.0,1085.0,1066.6,1072.55,2473518,HCLTECH,7229
86,2022-05-11T00:00:00,1069.0,1079.3,1054.05,1060.9,2895668,HCLTECH,7229
87,2022-05-12T00:00:00,1050.1,1070.95,1043.75,1059.4,3195189,HCLTECH,7229
88,2022-05-13T00:00:00,1070.0,1078.0,1045.1,1052.15,2496626,HCLTECH,7229
89,2022-05-16T00:00:00,1054.0,1066.95,1040.2,1044.55,1415370,HCLTECH,7229
90,2022-05-17T00:00:00,1058.2,1086.0,1045.35,1082.9,2620776,HCLTECH,7229
91,2022-05-18T00:00:00,1083.55,1097.35,1070.8,1073.7,2865869,HCLTECH,7229
92,2022-05-19T00:00:00,1055.1,1058.3,1004.6,1009.4,4729354,HCLTECH,7229
93,2022-05-20T00:00:00,1029.0,1034.5,1016.8,1028.85,2005622,HCLTECH,7229
94,2022-05-23T00:00:00,1023.0,1037.0,1014.75,1018.3,2285466,HCLTECH,7229
95,2022-05-24T00:00:00,1022.05,1022.4,987.0,991.75,3418456,HCLTECH,7229
96,2022-05-25T00:00:00,992.0,992.8,963.0,974.45,3904551,HCLTECH,7229
97,2022-05-26T00:00:00,977.0,986.0,969.05,980.7,4278059,HCLTECH,7229
98,2022-05-27T00:00:00,989.0,1010.45,989.0,1003.9,2795530,HCLTECH,7229
99,2022-05-30T00:00:00,1019.0,1053.35,1015.65,1039.9,3562969,HCLTECH,7229
100,2022-05-31T00:00:00,1045.0,1045.8,1020.45,1040.75,5185485,HCLTECH,7229
101,2022-06-01T00:00:00,1040.75,1045.45,1011.55,1017.9,2554081,HCLTECH,7229
102,2022-06-02T00:00:00,1011.4,1048.9,1007.3,1039.7,3560227,HCLTECH,7229
103,2022-06-03T00:00:00,1053.95,1069.65,1040.2,1043.0,3556955,HCLTECH,7229
104,2022-06-06T00:00:00,1038.0,1047.35,1021.15,1037.3,1997494,HCLTECH,7229
105,2022-06-07T00:00:00,1030.0,1033.75,1013.15,1022.9,1839248,HCLTECH,7229
106,2022-06-08T00:00:00,1023.1,1033.8,1016.0,1030.2,1665512,HCLTECH,7229
107,2022-06-09T00:00:00,1024.95,1031.7,1011.7,1028.65,1654005,HCLTECH,7229
108,2022-06-10T00:00:00,1012.0,1023.75,1008.2,1015.35,2260855,HCLTECH,7229
109,2022-06-13T00:00:00,996.0,1002.0,982.5,991.8,1738804,HCLTECH,7229
110,2022-06-14T00:00:00,988.0,1000.95,978.15,996.9,2461791,HCLTECH,7229
111,2022-06-15T00:00:00,989.0,1007.0,988.0,989.9,2408630,HCLTECH,7229
112,2022-06-16T00:00:00,1007.0,1007.0,961.65,964.95,3198618,HCLTECH,7229
113,2022-06-17T00:00:00,952.4,963.15,944.05,958.75,4302066,HCLTECH,7229
114,2022-06-20T00:00:00,965.0,966.0,952.1,960.05,1305407,HCLTECH,7229
115,2022-06-21T00:00:00,971.7,999.9,963.65,986.6,2128325,HCLTECH,7229
116,2022-06-22T00:00:00,977.95,979.0,959.15,961.3,2575065,HCLTECH,7229
117,2022-06-23T00:00:00,962.1,977.5,958.6,971.25,2169033,HCLTECH,7229
118,2022-06-24T00:00:00,984.0,984.55,960.0,966.7,1922313,HCLTECH,7229
119,2022-06-27T00:00:00,986.15,1006.8,984.2,992.35,3626024,HCLTECH,7229
120,2022-06-28T00:00:00,989.9,1007.0,983.25,1001.95,2702471,HCLTECH,7229
121,2022-06-29T00:00:00,985.1,1000.25,985.0,987.55,3150015,HCLTECH,7229
122,2022-06-30T00:00:00,990.0,996.55,969.95,973.25,3741119,HCLTECH,7229
123,2022-07-01T00:00:00,964.5,981.45,964.2,975.35,2827579,HCLTECH,7229
124,2022-07-04T00:00:00,975.35,989.5,973.45,984.6,2738846,HCLTECH,7229
125,2022-07-05T00:00:00,987.4,1002.65,978.45,982.15,2476050,HCLTECH,7229
126,2022-07-06T00:00:00,982.0,999.0,980.05,986.6,2998254,HCLTECH,7229
127,2022-07-07T00:00:00,997.0,1000.9,984.95,989.85,2985141,HCLTECH,7229
128,2022-07-08T00:00:00,999.0,999.0,979.15,983.55,3141642,HCLTECH,7229
129,2022-07-11T00:00:00,975.0,979.15,940.0,943.55,5787815,HCLTECH,7229
130,2022-07-12T00:00:00,935.0,948.55,924.4,927.8,5305354,HCLTECH,7229
131,2022-07-13T00:00:00,930.0,936.0,905.0,917.75,12874342,HCLTECH,7229
132,2022-07-14T00:00:00,926.15,927.55,892.3,903.0,4916497,HCLTECH,7229
133,2022-07-15T00:00:00,896.0,905.0,877.35,883.15,5591590,HCLTECH,7229
134,2022-07-18T00:00:00,895.0,907.5,888.85,900.3,5156225,HCLTECH,7229
135,2022-07-19T00:00:00,890.0,897.5,885.0,889.7,4636293,HCLTECH,7229
136,2022-07-20T00:00:00,904.6,918.8,895.1,917.4,4827089,HCLTECH,7229
137,2022-07-21T00:00:00,921.0,926.95,913.55,924.45,3498709,HCLTECH,7229
138,2022-07-22T00:00:00,929.4,931.9,909.0,920.25,3514659,HCLTECH,7229
139,2022-07-25T00:00:00,920.25,932.0,914.0,930.65,2120224,HCLTECH,7229
140,2022-07-26T00:00:00,928.5,929.65,911.1,913.5,2780103,HCLTECH,7229
141,2022-07-27T00:00:00,912.1,929.35,911.1,928.45,1742497,HCLTECH,7229
142,2022-07-28T00:00:00,935.9,949.0,932.7,946.1,2843497,HCLTECH,7229
143,2022-07-29T00:00:00,957.0,965.7,947.15,948.4,3617725,HCLTECH,7229
144,2022-08-01T00:00:00,954.0,956.5,945.2,952.15,2489519,HCLTECH,7229
145,2022-08-02T00:00:00,952.15,953.85,941.05,951.05,2545241,HCLTECH,7229
146,2022-08-03T00:00:00,951.0,961.8,950.05,957.2,4119614,HCLTECH,7229
147,2022-08-04T00:00:00,965.0,969.95,945.8,958.1,3513266,HCLTECH,7229
148,2022-08-05T00:00:00,962.9,964.95,955.0,957.75,2565683,HCLTECH,7229
149,2022-08-08T00:00:00,957.75,968.0,950.05,966.05,1746911,HCLTECH,7229
150,2022-08-10T00:00:00,966.05,967.0,948.1,952.05,3271939,HCLTECH,7229
151,2022-08-11T00:00:00,965.0,968.5,958.75,962.35,3594584,HCLTECH,7229
152,2022-08-12T00:00:00,964.0,964.0,954.0,956.4,3022304,HCLTECH,7229
153,2022-08-16T00:00:00,969.0,969.0,952.65,958.2,2784861,HCLTECH,7229
154,2022-08-17T00:00:00,963.0,982.9,955.0,980.6,4649125,HCLTECH,7229
155,2022-08-18T00:00:00,983.45,983.45,968.1,973.5,2829269,HCLTECH,7229
156,2022-08-19T00:00:00,974.5,987.05,966.8,970.05,2880969,HCLTECH,7229
157,2022-08-22T00:00:00,965.0,970.0,955.2,959.45,3616799,HCLTECH,7229
158,2022-08-23T00:00:00,949.95,951.0,939.0,946.9,3753715,HCLTECH,7229
159,2022-08-24T00:00:00,949.9,953.8,944.15,949.15,1494361,HCLTECH,7229
160,2022-08-25T00:00:00,953.9,953.9,942.65,943.8,3316314,HCLTECH,7229
161,2022-08-26T00:00:00,948.55,956.0,943.75,945.65,2195046,HCLTECH,7229
162,2022-08-29T00:00:00,912.6,922.0,900.1,917.5,4974880,HCLTECH,7229
163,2022-08-30T00:00:00,926.9,945.25,923.7,938.95,2998417,HCLTECH,7229
164,2022-09-01T00:00:00,917.3,931.0,916.25,926.05,2953921,HCLTECH,7229
165,2022-09-02T00:00:00,931.2,937.0,919.0,924.45,1750283,HCLTECH,7229
166,2022-09-05T00:00:00,926.0,942.3,922.5,936.0,2279812,HCLTECH,7229
167,2022-09-06T00:00:00,936.0,942.9,927.05,937.8,2108615,HCLTECH,7229
168,2022-09-07T00:00:00,927.0,932.55,923.1,931.7,2709547,HCLTECH,7229
169,2022-09-08T00:00:00,936.4,940.9,928.0,931.05,3214686,HCLTECH,7229
170,2022-09-09T00:00:00,939.0,953.0,934.3,948.5,2206526,HCLTECH,7229
171,2022-09-12T00:00:00,955.15,963.5,953.5,955.55,2517615,HCLTECH,7229
172,2022-09-13T00:00:00,955.0,959.8,950.45,955.4,2442828,HCLTECH,7229
173,2022-09-14T00:00:00,933.3,938.45,926.55,932.0,6761712,HCLTECH,7229
174,2022-09-15T00:00:00,936.5,936.7,916.3,919.9,2995215,HCLTECH,7229
175,2022-09-16T00:00:00,915.1,918.0,893.4,896.9,5095937,HCLTECH,7229
176,2022-09-19T00:00:00,897.95,907.15,887.5,897.8,2686561,HCLTECH,7229
177,2022-09-20T00:00:00,902.3,920.85,902.0,914.0,1836721,HCLTECH,7229
178,2022-09-21T00:00:00,909.0,913.75,898.85,900.95,1819649,HCLTECH,7229
179,2022-09-22T00:00:00,897.6,904.9,889.75,897.65,2315711,HCLTECH,7229
180,2022-09-23T00:00:00,896.5,912.6,892.0,895.85,2569608,HCLTECH,7229
181,2022-09-26T00:00:00,891.25,917.4,882.0,906.7,4182702,HCLTECH,7229
182,2022-09-27T00:00:00,911.25,921.45,907.6,918.75,3545337,HCLTECH,7229
183,2022-09-28T00:00:00,913.0,926.95,911.85,920.8,4154139,HCLTECH,7229
184,2022-09-29T00:00:00,927.0,931.0,916.6,923.05,2928360,HCLTECH,7229
185,2022-09-30T00:00:00,921.9,935.55,910.05,932.35,3229901,HCLTECH,7229
186,2022-10-03T00:00:00,932.35,932.85,916.0,930.25,1598950,HCLTECH,7229
187,2022-10-04T00:00:00,942.5,951.0,937.05,946.0,2331351,HCLTECH,7229
188,2022-10-06T00:00:00,955.5,967.95,955.5,964.55,3713623,HCLTECH,7229
189,2022-10-07T00:00:00,965.0,972.95,955.0,957.7,2174327,HCLTECH,7229
190,2022-10-10T00:00:00,942.2,967.15,942.2,963.25,2758812,HCLTECH,7229
191,2022-10-11T00:00:00,968.1,972.0,936.0,938.6,3134969,HCLTECH,7229
192,2022-10-12T00:00:00,943.3,963.9,943.3,952.0,3502390,HCLTECH,7229
193,2022-10-13T00:00:00,972.05,989.05,969.3,982.1,9698562,HCLTECH,7229
194,2022-10-14T00:00:00,1005.0,1023.0,994.0,1002.55,7424383,HCLTECH,7229
195,2022-10-17T00:00:00,1005.7,1006.8,991.1,994.6,2136170,HCLTECH,7229
196,2022-10-18T00:00:00,1000.0,1013.65,999.1,1009.2,2487826,HCLTECH,7229
197,2022-10-19T00:00:00,1006.5,1006.5,994.0,995.65,2517099,HCLTECH,7229
198,2022-10-20T00:00:00,990.0,1019.3,988.0,1017.4,3931399,HCLTECH,7229
199,2022-10-21T00:00:00,1022.5,1029.9,1011.6,1027.2,2071897,HCLTECH,7229
200,2022-10-24T00:00:00,1035.0,1038.85,1030.0,1031.6,398105,HCLTECH,7229
201,2022-10-25T00:00:00,1036.0,1037.25,1020.9,1026.5,3068136,HCLTECH,7229
202,2022-10-27T00:00:00,1031.0,1037.45,1019.6,1032.05,3313674,HCLTECH,7229
203,2022-10-28T00:00:00,1031.95,1039.75,1025.5,1030.0,2423629,HCLTECH,7229
204,2022-10-31T00:00:00,1039.0,1052.5,1036.4,1041.15,2418565,HCLTECH,7229
205,2022-11-01T00:00:00,1049.0,1061.85,1045.0,1060.05,2275488,HCLTECH,7229
206,2022-11-02T00:00:00,1064.95,1066.35,1042.5,1045.2,2799322,HCLTECH,7229
207,2022-11-03T00:00:00,1034.0,1049.2,1033.1,1045.15,2396164,HCLTECH,7229
208,2022-11-04T00:00:00,1045.15,1049.0,1033.45,1045.35,1709158,HCLTECH,7229
209,2022-11-07T00:00:00,1048.1,1055.7,1038.65,1047.15,2213508,HCLTECH,7229
210,2022-11-09T00:00:00,1060.9,1061.45,1049.2,1053.45,2307691,HCLTECH,7229
211,2022-11-10T00:00:00,1050.0,1062.4,1047.05,1052.45,2321667,HCLTECH,7229
212,2022-11-11T00:00:00,1071.0,1098.7,1069.1,1090.65,3923101,HCLTECH,7229
213,2022-11-14T00:00:00,1095.0,1102.95,1090.05,1099.0,2170007,HCLTECH,7229
214,2022-11-15T00:00:00,1093.5,1106.1,1088.9,1103.9,2172420,HCLTECH,7229
215,2022-11-16T00:00:00,1107.5,1112.45,1099.35,1105.2,2213697,HCLTECH,7229
216,2022-11-17T00:00:00,1095.1,1100.6,1089.1,1092.55,2460883,HCLTECH,7229
217,2022-11-18T00:00:00,1098.05,1106.0,1084.0,1103.15,2623894,HCLTECH,7229
218,2022-11-21T00:00:00,1098.9,1106.35,1092.6,1095.5,1733741,HCLTECH,7229
219,2022-11-22T00:00:00,1091.1,1105.9,1088.0,1103.4,2529146,HCLTECH,7229
220,2022-11-23T00:00:00,1108.95,1111.5,1099.75,1103.4,2217599,HCLTECH,7229
221,2022-11-24T00:00:00,1106.0,1135.0,1103.5,1129.6,3295202,HCLTECH,7229
222,2022-11-25T00:00:00,1135.2,1137.55,1120.65,1128.2,1977441,HCLTECH,7229
223,2022-11-28T00:00:00,1125.0,1132.75,1117.0,1118.8,2368293,HCLTECH,7229
224,2022-11-29T00:00:00,1118.8,1138.75,1118.05,1128.95,1785948,HCLTECH,7229
225,2022-11-30T00:00:00,1127.0,1129.9,1117.0,1120.8,6053488,HCLTECH,7229
226,2022-12-01T00:00:00,1130.0,1150.65,1128.4,1136.4,3919684,HCLTECH,7229
227,2022-12-02T00:00:00,1136.4,1140.4,1123.85,1135.55,2944923,HCLTECH,7229
228,2022-12-05T00:00:00,1133.25,1141.95,1127.2,1130.85,2646466,HCLTECH,7229
229,2022-12-06T00:00:00,1121.6,1125.0,1107.0,1120.95,2807894,HCLTECH,7229
230,2022-12-07T00:00:00,1114.0,1116.6,1102.0,1105.9,2399879,HCLTECH,7229
231,2022-12-08T00:00:00,1113.75,1113.75,1098.8,1101.35,1752350,HCLTECH,7229
232,2022-12-09T00:00:00,1075.0,1075.0,1020.7,1027.5,12415478,HCLTECH,7229
233,2022-12-12T00:00:00,1025.0,1039.15,1012.45,1028.4,4275785,HCLTECH,7229
234,2022-12-13T00:00:00,1032.1,1046.9,1031.1,1044.7,2284909,HCLTECH,7229
235,2022-12-14T00:00:00,1045.0,1057.3,1045.0,1056.2,2425507,HCLTECH,7229
236,2022-12-15T00:00:00,1051.55,1051.8,1037.1,1042.35,1906369,HCLTECH,7229
237,2022-12-16T00:00:00,1030.0,1046.45,1022.35,1029.65,5159215,HCLTECH,7229
238,2022-12-19T00:00:00,1029.65,1037.5,1023.35,1033.25,3328172,HCLTECH,7229
239,2022-12-20T00:00:00,1027.0,1033.35,1011.5,1029.7,2629849,HCLTECH,7229
240,2022-12-21T00:00:00,1035.0,1053.25,1035.0,1040.35,2878658,HCLTECH,7229
241,2022-12-22T00:00:00,1046.0,1054.65,1033.6,1039.1,2623451,HCLTECH,7229
242,2022-12-23T00:00:00,1029.5,1044.1,1027.1,1030.6,2177675,HCLTECH,7229
243,2022-12-26T00:00:00,1031.0,1041.75,1029.0,1031.7,1680715,HCLTECH,7229
244,2022-12-27T00:00:00,1039.0,1040.75,1030.35,1036.35,554319,HCLTECH,7229
245,2022-12-28T00:00:00,1030.0,1038.3,1026.5,1035.45,1397806,HCLTECH,7229
246,2022-12-29T00:00:00,1030.0,1046.0,1028.1,1044.45,1277244,HCLTECH,7229
247,2022-12-30T00:00:00,1050.0,1055.25,1034.3,1039.3,1860560,HCLTECH,7229
248,2023-01-02T00:00:00,1039.1,1042.5,1031.5,1039.45,701880,HCLTECH,7229
249,2023-01-03T00:00:00,1039.0,1045.8,1033.5,1041.35,2484372,HCLTECH,7229
250,2023-01-04T00:00:00,1036.2,1042.0,1031.5,1036.6,1219170,HCLTECH,7229
251,2023-01-05T00:00:00,1041.8,1049.8,1033.1,1044.1,2294943,HCLTECH,7229
252,2023-01-06T00:00:00,1044.0,1047.9,1025.25,1032.8,1887689,HCLTECH,7229
253,2023-01-09T00:00:00,1044.95,1071.0,1040.05,1067.45,4562242,HCLTECH,7229
254,2023-01-10T00:00:00,1061.0,1072.6,1056.3,1063.85,2297082,HCLTECH,7229
255,2023-01-11T00:00:00,1069.0,1079.6,1050.55,1054.8,3594167,HCLTECH,7229
256,2023-01-12T00:00:00,1061.0,1074.5,1061.0,1071.65,4748542,HCLTECH,7229
257,2023-01-13T00:00:00,1043.9,1084.0,1041.0,1077.8,8253765,HCLTECH,7229
258,2023-01-16T00:00:00,1087.0,1100.45,1078.55,1093.7,4508538,HCLTECH,7229
259,2023-01-17T00:00:00,1097.9,1113.95,1095.0,1111.05,4390338,HCLTECH,7229
260,2023-01-18T00:00:00,1118.95,1125.85,1114.1,1115.15,6905092,HCLTECH,7229
261,2023-01-19T00:00:00,1102.35,1113.35,1098.75,1111.4,2298287,HCLTECH,7229
262,2023-01-20T00:00:00,1111.05,1121.4,1107.05,1107.8,4747128,HCLTECH,7229
263,2023-01-23T00:00:00,1111.0,1122.9,1108.15,1121.2,1696834,HCLTECH,7229
264,2023-01-24T00:00:00,1125.9,1143.7,1121.2,1137.85,4861107,HCLTECH,7229
265,2023-01-25T00:00:00,1134.85,1134.85,1116.75,1122.75,2692236,HCLTECH,7229
266,2023-01-27T00:00:00,1122.75,1134.3,1105.0,1115.6,3864525,HCLTECH,7229
267,2023-01-30T00:00:00,1115.6,1139.95,1105.8,1134.75,3508427,HCLTECH,7229
268,2023-01-31T00:00:00,1136.0,1137.7,1113.0,1122.2,4582858,HCLTECH,7229
269,2023-02-01T00:00:00,1137.0,1137.0,1114.45,1132.1,2393911,HCLTECH,7229
270,2023-02-02T00:00:00,1137.8,1155.5,1135.0,1149.6,3048359,HCLTECH,7229
271,2023-02-03T00:00:00,1154.0,1156.65,1138.6,1146.15,1814055,HCLTECH,7229
272,2023-02-06T00:00:00,1135.2,1149.85,1128.0,1145.7,2070175,HCLTECH,7229
273,2023-02-07T00:00:00,1147.85,1153.0,1125.9,1128.25,1931191,HCLTECH,7229
274,2023-02-08T00:00:00,1133.9,1149.0,1132.7,1145.0,2848255,HCLTECH,7229
275,2023-02-09T00:00:00,1144.0,1152.0,1138.0,1146.35,1501083,HCLTECH,7229
276,2023-02-10T00:00:00,1125.8,1130.0,1100.0,1115.65,3185163,HCLTECH,7229
277,2023-02-13T00:00:00,1121.25,1121.25,1105.0,1113.0,2009185,HCLTECH,7229
278,2023-02-14T00:00:00,1121.0,1142.4,1118.0,1125.45,3938046,HCLTECH,7229
279,2023-02-15T00:00:00,1125.0,1134.6,1119.6,1132.9,1648954,HCLTECH,7229
280,2023-02-16T00:00:00,1138.6,1152.15,1124.0,1128.15,2369355,HCLTECH,7229
281,2023-02-17T00:00:00,1121.7,1121.7,1107.55,1109.55,1958807,HCLTECH,7229
282,2023-02-20T00:00:00,1109.55,1134.7,1107.6,1115.7,1706036,HCLTECH,7229
283,2023-02-21T00:00:00,1121.0,1122.05,1103.1,1105.2,1313278,HCLTECH,7229
284,2023-02-22T00:00:00,1095.0,1105.55,1090.05,1092.6,2212194,HCLTECH,7229
285,2023-02-23T00:00:00,1104.8,1111.95,1092.5,1094.35,2139983,HCLTECH,7229
286,2023-02-24T00:00:00,1097.0,1104.5,1082.0,1094.85,1684570,HCLTECH,7229
287,2023-02-27T00:00:00,1090.0,1090.0,1076.0,1083.95,1834553,HCLTECH,7229
288,2023-02-28T00:00:00,1083.5,1096.9,1068.1,1077.6,20793703,HCLTECH,7229
289,2023-03-01T00:00:00,1077.35,1104.0,1077.35,1101.1,1655100,HCLTECH,7229
290,2023-03-02T00:00:00,1090.3,1117.0,1090.3,1105.95,4074162,HCLTECH,7229
291,2023-03-03T00:00:00,1115.0,1129.7,1111.05,1119.0,3253621,HCLTECH,7229
292,2023-03-06T00:00:00,1129.0,1148.0,1123.3,1126.7,4091674,HCLTECH,7229
293,2023-03-08T00:00:00,1112.0,1124.0,1107.3,1120.65,3209393,HCLTECH,7229
294,2023-03-09T00:00:00,1121.95,1126.7,1114.05,1116.65,1834324,HCLTECH,7229
295,2023-03-10T00:00:00,1105.0,1118.15,1105.0,1116.3,1193681,HCLTECH,7229
296,2023-03-13T00:00:00,1120.95,1133.6,1095.0,1098.6,3028387,HCLTECH,7229
297,2023-03-14T00:00:00,1098.55,1103.4,1066.0,1084.05,3683544,HCLTECH,7229
298,2023-03-15T00:00:00,1095.05,1097.9,1075.5,1079.65,1528510,HCLTECH,7229
299,2023-03-16T00:00:00,1083.95,1087.55,1069.65,1072.4,1812907,HCLTECH,7229
300,2023-03-17T00:00:00,1088.2,1117.1,1084.05,1108.45,5350523,HCLTECH,7229
301,2023-03-20T00:00:00,1105.0,1108.3,1086.25,1090.85,2066169,HCLTECH,7229
302,2023-03-21T00:00:00,1099.0,1102.4,1077.1,1083.9,2421127,HCLTECH,7229
303,2023-03-22T00:00:00,1091.95,1105.75,1079.05,1081.45,1382329,HCLTECH,7229
304,2023-03-23T00:00:00,1077.0,1080.4,1061.0,1065.9,2178855,HCLTECH,7229
305,2023-03-24T00:00:00,1073.0,1090.0,1047.05,1051.75,2688253,HCLTECH,7229
306,2023-03-27T00:00:00,1053.3,1065.5,1044.8,1051.5,1459887,HCLTECH,7229
307,2023-03-28T00:00:00,1056.8,1063.8,1039.35,1041.1,2965015,HCLTECH,7229
308,2023-03-29T00:00:00,1046.0,1070.0,1042.1,1067.5,2478745,HCLTECH,7229
309,2023-03-31T00:00:00,1083.4,1096.9,1069.4,1085.25,3131614,HCLTECH,7229
310,2023-04-03T00:00:00,1089.95,1099.25,1088.0,1098.15,1540702,HCLTECH,7229
311,2023-04-05T00:00:00,1085.35,1113.0,1066.15,1111.2,3342291,HCLTECH,7229
312,2023-04-06T00:00:00,1109.05,1109.05,1085.45,1091.85,2378264,HCLTECH,7229
313,2023-04-10T00:00:00,1091.85,1105.0,1091.5,1103.1,711625,HCLTECH,7229
314,2023-04-11T00:00:00,1104.0,1109.9,1085.0,1087.0,2318905,HCLTECH,7229
315,2023-04-12T00:00:00,1092.0,1097.45,1080.1,1094.5,2715967,HCLTECH,7229
316,2023-04-13T00:00:00,1089.0,1089.0,1063.0,1071.85,3071057,HCLTECH,7229
317,2023-04-17T00:00:00,1055.0,1055.0,1016.25,1042.2,9509446,HCLTECH,7229
318,2023-04-18T00:00:00,1049.55,1066.4,1045.2,1063.85,3686404,HCLTECH,7229
319,2023-04-19T00:00:00,1073.95,1073.95,1036.45,1038.7,4322881,HCLTECH,7229
320,2023-04-20T00:00:00,1040.0,1047.2,1031.85,1037.5,3057560,HCLTECH,7229
321,2023-04-21T00:00:00,1054.0,1074.0,1037.75,1048.95,7708194,HCLTECH,7229
322,2023-04-24T00:00:00,1057.0,1058.9,1046.0,1054.05,2033625,HCLTECH,7229
323,2023-04-25T00:00:00,1050.45,1058.8,1044.4,1053.45,1237595,HCLTECH,7229
324,2023-04-26T00:00:00,1055.0,1067.0,1048.0,1065.55,1647101,HCLTECH,7229
325,2023-04-27T00:00:00,1065.55,1075.0,1061.0,1071.25,1654910,HCLTECH,7229
326,2023-04-28T00:00:00,1059.95,1068.75,1053.75,1064.1,2629188,HCLTECH,7229
327,2023-05-02T00:00:00,1064.1,1074.8,1064.0,1067.55,1905168,HCLTECH,7229
328,2023-05-03T00:00:00,1062.0,1064.0,1055.0,1058.95,1649820,HCLTECH,7229
329,2023-05-04T00:00:00,1056.05,1067.95,1048.3,1066.8,1403672,HCLTECH,7229
330,2023-05-05T00:00:00,1066.8,1069.95,1052.1,1055.55,1641673,HCLTECH,7229
331,2023-05-08T00:00:00,1058.0,1077.5,1055.0,1075.75,1389075,HCLTECH,7229
332,2023-05-09T00:00:00,1071.0,1082.6,1066.05,1079.0,2981949,HCLTECH,7229
333,2023-05-10T00:00:00,1084.15,1088.8,1072.1,1078.3,2091411,HCLTECH,7229
334,2023-05-11T00:00:00,1082.15,1092.6,1080.05,1088.1,2653108,HCLTECH,7229
335,2023-05-12T00:00:00,1086.0,1103.4,1077.45,1095.5,1585037,HCLTECH,7229
336,2023-05-15T00:00:00,1098.95,1105.95,1092.8,1099.75,1523466,HCLTECH,7229
337,2023-05-16T00:00:00,1100.2,1105.3,1088.1,1090.7,1166324,HCLTECH,7229
338,2023-05-17T00:00:00,1090.5,1093.95,1062.7,1074.55,3602382,HCLTECH,7229
339,2023-05-18T00:00:00,1081.95,1085.0,1073.0,1079.9,1515743,HCLTECH,7229
340,2023-05-19T00:00:00,1088.6,1104.0,1082.45,1095.35,1984436,HCLTECH,7229
341,2023-05-22T00:00:00,1095.35,1121.9,1088.95,1119.85,1864932,HCLTECH,7229
342,2023-05-23T00:00:00,1120.0,1131.35,1104.0,1107.35,2138096,HCLTECH,7229
343,2023-05-24T00:00:00,1099.05,1115.0,1098.0,1111.95,1302744,HCLTECH,7229
344,2023-05-25T00:00:00,1109.2,1118.25,1103.05,1116.0,1124803,HCLTECH,7229
345,2023-05-26T00:00:00,1115.0,1140.35,1114.0,1139.2,1635167,HCLTECH,7229
346,2023-05-29T00:00:00,1146.0,1147.95,1124.4,1126.2,1288914,HCLTECH,7229
347,2023-05-30T00:00:00,1129.0,1144.0,1128.05,1135.85,1983735,HCLTECH,7229
348,2023-05-31T00:00:00,1134.8,1153.35,1132.1,1145.1,5967930,HCLTECH,7229
349,2023-06-01T00:00:00,1148.0,1155.15,1137.65,1141.9,1445692,HCLTECH,7229
350,2023-06-02T00:00:00,1148.0,1151.1,1131.6,1137.05,1336554,HCLTECH,7229
351,2023-06-05T00:00:00,1144.0,1148.5,1136.0,1138.3,1435758,HCLTECH,7229
352,2023-06-06T00:00:00,1130.0,1132.3,1113.75,1128.6,1943605,HCLTECH,7229
353,2023-06-07T00:00:00,1133.8,1133.8,1116.2,1129.05,2459039,HCLTECH,7229
354,2023-06-08T00:00:00,1129.05,1131.25,1118.3,1126.75,1385218,HCLTECH,7229
355,2023-06-09T00:00:00,1129.1,1131.0,1105.95,1109.75,1824218,HCLTECH,7229
356,2023-06-12T00:00:00,1112.95,1140.95,1111.5,1139.65,1670970,HCLTECH,7229
357,2023-06-13T00:00:00,1144.95,1144.95,1129.3,1131.3,2014656,HCLTECH,7229
358,2023-06-14T00:00:00,1138.0,1138.4,1126.05,1135.85,836964,HCLTECH,7229
359,2023-06-15T00:00:00,1140.0,1147.0,1136.55,1143.6,2109652,HCLTECH,7229
360,2023-06-16T00:00:00,1150.0,1154.25,1132.45,1148.2,2909817,HCLTECH,7229
361,2023-06-19T00:00:00,1148.2,1153.9,1135.45,1137.55,1278608,HCLTECH,7229
362,2023-06-20T00:00:00,1133.0,1170.75,1132.5,1168.65,3504867,HCLTECH,7229
363,2023-06-21T00:00:00,1175.0,1175.7,1161.65,1170.45,2019683,HCLTECH,7229
364,2023-06-22T00:00:00,1170.15,1170.45,1158.85,1163.4,972005,HCLTECH,7229
365,2023-06-23T00:00:00,1161.9,1170.55,1151.0,1165.15,1699790,HCLTECH,7229
366,2023-06-26T00:00:00,1167.25,1175.95,1163.05,1167.5,1190307,HCLTECH,7229
367,2023-06-27T00:00:00,1167.0,1174.45,1160.2,1170.0,1504039,HCLTECH,7229
368,2023-06-28T00:00:00,1173.45,1173.95,1166.5,1170.25,1424076,HCLTECH,7229
369,2023-06-30T00:00:00,1170.35,1194.0,1165.0,1187.95,3036648,HCLTECH,7229
370,2023-07-03T00:00:00,1190.0,1195.0,1174.5,1181.6,1749952,HCLTECH,7229
371,2023-07-04T00:00:00,1182.0,1193.0,1178.55,1190.6,1094468,HCLTECH,7229
372,2023-07-05T00:00:00,1194.0,1202.6,1187.6,1194.8,1653610,HCLTECH,7229
373,2023-07-06T00:00:00,1194.8,1198.0,1174.95,1180.65,2334220,HCLTECH,7229
374,2023-07-07T00:00:00,1178.15,1182.95,1153.8,1157.6,2159585,HCLTECH,7229
375,2023-07-10T00:00:00,1160.0,1161.9,1120.0,1124.5,3960400,HCLTECH,7229
376,2023-07-11T00:00:00,1131.75,1131.75,1112.0,1114.9,4982603,HCLTECH,7229
377,2023-07-12T00:00:00,1119.7,1124.5,1102.45,1110.55,3824027,HCLTECH,7229
378,2023-07-13T00:00:00,1100.0,1124.4,1087.05,1108.8,12294227,HCLTECH,7229
379,2023-07-14T00:00:00,1114.2,1157.1,1111.55,1150.95,6605038,HCLTECH,7229
380,2023-07-17T00:00:00,1151.95,1172.0,1143.65,1153.75,3159479,HCLTECH,7229
381,2023-07-18T00:00:00,1158.95,1170.0,1146.4,1167.2,2431478,HCLTECH,7229
382,2023-07-19T00:00:00,1165.0,1174.9,1157.0,1169.05,2242397,HCLTECH,7229
383,2023-07-20T00:00:00,1160.0,1162.8,1148.0,1155.8,1990001,HCLTECH,7229
384,2023-07-21T00:00:00,1110.0,1139.9,1095.0,1115.45,5259150,HCLTECH,7229
385,2023-07-24T00:00:00,1120.0,1127.7,1111.0,1112.9,2672505,HCLTECH,7229
386,2023-07-25T00:00:00,1118.5,1119.0,1105.1,1111.55,2506726,HCLTECH,7229
387,2023-07-26T00:00:00,1110.2,1120.85,1110.1,1115.0,1969964,HCLTECH,7229
388,2023-07-27T00:00:00,1115.0,1122.7,1108.95,1117.35,1769815,HCLTECH,7229
389,2023-07-28T00:00:00,1114.05,1118.5,1097.45,1103.55,2031899,HCLTECH,7229
390,2023-07-31T00:00:00,1108.0,1119.5,1096.0,1116.7,2526624,HCLTECH,7229
391,2023-08-01T00:00:00,1120.0,1142.0,1111.9,1138.5,2710536,HCLTECH,7229
392,2023-08-02T00:00:00,1137.0,1137.0,1121.5,1130.9,2701150,HCLTECH,7229
393,2023-08-03T00:00:00,1126.0,1135.55,1115.05,1125.5,1608187,HCLTECH,7229
394,2023-08-04T00:00:00,1130.45,1152.35,1126.0,1144.35,3315303,HCLTECH,7229
395,2023-08-07T00:00:00,1154.55,1155.75,1143.15,1150.8,1655404,HCLTECH,7229
396,2023-08-08T00:00:00,1154.9,1156.9,1137.0,1141.35,1667697,HCLTECH,7229
397,2023-08-09T00:00:00,1140.95,1146.0,1125.0,1144.15,1559337,HCLTECH,7229
398,2023-08-10T00:00:00,1140.0,1144.8,1128.65,1134.3,1676669,HCLTECH,7229
399,2023-08-11T00:00:00,1160.0,1186.95,1154.3,1171.45,7391806,HCLTECH,7229
400,2023-08-14T00:00:00,1170.65,1177.0,1154.0,1171.0,1720940,HCLTECH,7229
401,2023-08-16T00:00:00,1175.75,1186.25,1170.1,1177.15,2567226,HCLTECH,7229
402,2023-08-17T00:00:00,1176.85,1180.95,1163.95,1176.7,2331256,HCLTECH,7229
403,2023-08-18T00:00:00,1173.0,1177.85,1158.65,1173.7,3406088,HCLTECH,7229
404,2023-08-21T00:00:00,1172.95,1188.9,1168.95,1179.25,1661946,HCLTECH,7229
405,2023-08-22T00:00:00,1182.0,1187.0,1176.15,1179.5,1805887,HCLTECH,7229
406,2023-08-23T00:00:00,1192.95,1195.0,1178.65,1182.5,2347850,HCLTECH,7229
407,2023-08-24T00:00:00,1188.95,1189.0,1169.0,1171.25,2464221,HCLTECH,7229
408,2023-08-25T00:00:00,1165.0,1170.8,1150.0,1153.95,2105159,HCLTECH,7229
409,2023-08-28T00:00:00,1155.0,1159.7,1139.3,1146.45,2571967,HCLTECH,7229
410,2023-08-29T00:00:00,1153.9,1163.3,1148.3,1157.55,1794652,HCLTECH,7229
411,2023-08-30T00:00:00,1166.0,1175.15,1161.65,1170.5,1497356,HCLTECH,7229
412,2023-08-31T00:00:00,1179.5,1188.1,1165.9,1172.15,4483967,HCLTECH,7229
413,2023-09-01T00:00:00,1173.0,1188.0,1171.1,1185.8,1669640,HCLTECH,7229
414,2023-09-04T00:00:00,1186.0,1235.0,1185.0,1232.5,4517935,HCLTECH,7229
415,2023-09-05T00:00:00,1236.75,1241.7,1225.2,1235.55,2842400,HCLTECH,7229
416,2023-09-06T00:00:00,1239.85,1242.4,1222.7,1235.85,1767709,HCLTECH,7229
417,2023-09-07T00:00:00,1238.0,1257.0,1230.3,1254.0,2582004,HCLTECH,7229
418,2023-09-08T00:00:00,1259.0,1269.55,1254.3,1262.05,2280777,HCLTECH,7229
419,2023-09-11T00:00:00,1276.55,1284.3,1270.4,1281.55,2691836,HCLTECH,7229
420,2023-09-12T00:00:00,1285.0,1291.75,1265.5,1282.4,2140769,HCLTECH,7229
421,2023-09-13T00:00:00,1282.0,1282.4,1266.1,1275.25,2275523,HCLTECH,7229
422,2023-09-14T00:00:00,1280.85,1290.7,1275.6,1283.6,2655172,HCLTECH,7229
423,2023-09-15T00:00:00,1294.0,1310.0,1291.05,1304.6,4286280,HCLTECH,7229
424,2023-09-18T00:00:00,1302.0,1311.3,1289.7,1305.0,2761885,HCLTECH,7229
425,2023-09-20T00:00:00,1281.5,1304.0,1281.5,1293.4,2220756,HCLTECH,7229
426,2023-09-21T00:00:00,1284.0,1285.0,1259.3,1278.0,3112700,HCLTECH,7229
427,2023-09-22T00:00:00,1272.45,1283.6,1265.1,1273.7,1321467,HCLTECH,7229
428,2023-09-25T00:00:00,1270.0,1280.0,1256.6,1263.45,1246703,HCLTECH,7229
429,2023-09-26T00:00:00,1264.0,1268.95,1257.1,1261.45,903152,HCLTECH,7229
430,2023-09-27T00:00:00,1258.5,1267.65,1253.3,1261.1,1670373,HCLTECH,7229
431,2023-09-28T00:00:00,1261.1,1266.0,1238.55,1241.9,1807072,HCLTECH,7229
432,2023-09-29T00:00:00,1235.1,1249.7,1227.25,1234.8,2338327,HCLTECH,7229
433,2023-10-03T00:00:00,1232.5,1256.7,1222.7,1238.7,2162636,HCLTECH,7229
434,2023-10-04T00:00:00,1234.0,1244.8,1225.0,1239.55,2253785,HCLTECH,7229
435,2023-10-05T00:00:00,1249.0,1253.95,1227.8,1235.45,2995200,HCLTECH,7229
436,2023-10-06T00:00:00,1252.0,1256.0,1230.1,1237.7,2497711,HCLTECH,7229
437,2023-10-09T00:00:00,1236.0,1266.65,1231.15,1249.6,3430211,HCLTECH,7229
438,2023-10-10T00:00:00,1255.55,1264.75,1248.2,1261.8,1532394,HCLTECH,7229
439,2023-10-11T00:00:00,1266.0,1274.45,1241.0,1245.6,2186131,HCLTECH,7229
440,2023-10-12T00:00:00,1245.0,1248.55,1215.15,1223.75,3921609,HCLTECH,7229
441,2023-10-13T00:00:00,1211.0,1266.5,1208.55,1255.9,5740821,HCLTECH,7229
442,2023-10-16T00:00:00,1263.0,1279.3,1260.3,1270.65,2527113,HCLTECH,7229
443,2023-10-17T00:00:00,1278.9,1279.0,1271.0,1277.15,1687345,HCLTECH,7229
444,2023-10-18T00:00:00,1278.0,1281.5,1267.4,1269.45,1743126,HCLTECH,7229
445,2023-10-19T00:00:00,1266.8,1274.75,1264.9,1267.35,2279726,HCLTECH,7229
446,2023-10-20T00:00:00,1252.0,1261.35,1245.45,1258.6,1625449,HCLTECH,7229
447,2023-10-23T00:00:00,1248.0,1260.5,1232.3,1236.65,1646367,HCLTECH,7229
448,2023-10-25T00:00:00,1231.2,1252.9,1225.3,1229.0,1420065,HCLTECH,7229
449,2023-10-26T00:00:00,1215.0,1238.2,1212.05,1231.8,4617424,HCLTECH,7229
450,2023-10-27T00:00:00,1237.0,1270.0,1233.45,1268.7,2675348,HCLTECH,7229
451,2023-10-30T00:00:00,1270.0,1274.8,1256.0,1264.75,1158770,HCLTECH,7229
452,2023-10-31T00:00:00,1272.0,1279.85,1256.7,1276.0,2525870,HCLTECH,7229
453,2023-11-01T00:00:00,1280.0,1285.95,1255.3,1258.95,1572719,HCLTECH,7229
454,2023-11-02T00:00:00,1266.0,1275.0,1265.0,1273.4,1368604,HCLTECH,7229
455,2023-11-03T00:00:00,1282.6,1287.3,1263.0,1266.25,2052536,HCLTECH,7229
456,2023-11-06T00:00:00,1276.25,1279.5,1265.15,1269.7,1175823,HCLTECH,7229
457,2023-11-07T00:00:00,1269.0,1277.7,1267.1,1273.95,1385282,HCLTECH,7229
458,2023-11-08T00:00:00,1280.0,1280.8,1265.9,1267.65,937671,HCLTECH,7229
459,2023-11-09T00:00:00,1267.65,1275.8,1261.8,1267.5,1483749,HCLTECH,7229
460,2023-11-10T00:00:00,1262.3,1271.0,1250.65,1255.45,1469902,HCLTECH,7229
461,2023-11-12T00:00:00,1265.0,1265.45,1256.35,1260.2,132650,HCLTECH,7229
462,2023-11-13T00:00:00,1260.0,1263.6,1253.3,1261.0,730991,HCLTECH,7229
463,2023-11-15T00:00:00,1275.0,1283.0,1268.4,1276.65,2410620,HCLTECH,7229
464,2023-11-16T00:00:00,1283.8,1317.95,1278.0,1311.05,3936945,HCLTECH,7229
465,2023-11-17T00:00:00,1313.4,1325.75,1306.4,1309.15,2882039,HCLTECH,7229
466,2023-11-20T00:00:00,1314.95,1331.7,1314.0,1325.4,2831858,HCLTECH,7229
467,2023-11-21T00:00:00,1335.6,1336.0,1321.8,1326.6,1514256,HCLTECH,7229
468,2023-11-22T00:00:00,1326.6,1335.75,1320.4,1329.7,1535630,HCLTECH,7229
469,2023-11-23T00:00:00,1333.95,1335.25,1325.7,1329.0,1307344,HCLTECH,7229
470,2023-11-24T00:00:00,1328.9,1332.65,1305.65,1309.15,1795933,HCLTECH,7229
471,2023-11-28T00:00:00,1309.15,1319.9,1295.3,1316.65,2152951,HCLTECH,7229
472,2023-11-29T00:00:00,1324.0,1338.8,1321.5,1333.95,1835524,HCLTECH,7229
473,2023-11-30T00:00:00,1337.0,1346.8,1329.7,1340.9,4104385,HCLTECH,7229
474,2023-12-01T00:00:00,1346.0,1349.0,1328.0,1336.7,1854324,HCLTECH,7229
475,2023-12-04T00:00:00,1350.0,1350.0,1331.0,1337.95,1547057,HCLTECH,7229
476,2023-12-05T00:00:00,1347.0,1347.0,1308.3,1317.55,3932040,HCLTECH,7229
477,2023-12-06T00:00:00,1325.0,1339.95,1319.55,1329.55,2077245,HCLTECH,7229
478,2023-12-07T00:00:00,1331.0,1337.0,1325.35,1328.0,1985003,HCLTECH,7229
479,2023-12-08T00:00:00,1333.0,1369.95,1329.0,1364.1,4509751,HCLTECH,7229
480,2023-12-11T00:00:00,1370.1,1383.0,1366.05,1375.3,2824656,HCLTECH,7229
481,2023-12-12T00:00:00,1377.0,1387.0,1370.0,1375.3,2730422,HCLTECH,7229
482,2023-12-13T00:00:00,1379.35,1382.8,1357.05,1369.2,1896931,HCLTECH,7229
483,2023-12-14T00:00:00,1391.0,1419.25,1382.0,1414.6,5145574,HCLTECH,7229
484,2023-12-15T00:00:00,1422.0,1497.0,1422.0,1491.3,7374290,HCLTECH,7229
485,2023-12-18T00:00:00,1489.85,1509.9,1481.0,1504.3,3075527,HCLTECH,7229
486,2023-12-19T00:00:00,1501.5,1504.65,1477.7,1488.3,2590417,HCLTECH,7229
487,2023-12-20T00:00:00,1485.0,1503.05,1435.0,1439.95,4368383,HCLTECH,7229
488,2023-12-21T00:00:00,1421.15,1447.05,1420.1,1422.05,2841508,HCLTECH,7229
489,2023-12-22T00:00:00,1431.0,1467.35,1423.0,1462.7,2303438,HCLTECH,7229
490,2023-12-26T00:00:00,1462.7,1467.35,1442.15,1458.15,1363265,HCLTECH,7229
491,2023-12-27T00:00:00,1465.45,1476.0,1457.55,1472.05,1402329,HCLTECH,7229
492,2023-12-28T00:00:00,1470.6,1482.7,1468.45,1472.45,1928616,HCLTECH,7229
493,2023-12-29T00:00:00,1473.95,1481.85,1457.55,1466.1,1481617,HCLTECH,7229
494,2024-01-01T00:00:00,1460.0,1495.75,1455.05,1483.75,1222315,HCLTECH,7229
495,2024-01-02T00:00:00,1484.05,1488.8,1461.35,1469.55,1440888,HCLTECH,7229
496,2024-01-03T00:00:00,1460.0,1465.0,1435.5,1437.75,1651716,HCLTECH,7229
497,2024-01-04T00:00:00,1437.0,1444.8,1417.15,1419.95,3392241,HCLTECH,7229
498,2024-01-05T00:00:00,1425.0,1438.85,1421.9,1432.8,1776925,HCLTECH,7229
499,2024-01-08T00:00:00,1435.0,1452.6,1430.55,1447.9,2025264,HCLTECH,7229
500,2024-01-09T00:00:00,1460.6,1480.95,1452.35,1460.4,3119270,HCLTECH,7229
501,2024-01-10T00:00:00,1474.9,1508.0,1466.05,1492.1,4368914,HCLTECH,7229
502,2024-01-11T00:00:00,1500.0,1500.0,1474.0,1484.8,2271368,HCLTECH,7229
503,2024-01-12T00:00:00,1505.0,1555.0,1498.5,1540.8,5862043,HCLTECH,7229
504,2024-01-15T00:00:00,1610.0,1619.6,1575.5,1588.2,9712071,HCLTECH,7229
505,2024-01-16T00:00:00,1587.0,1587.0,1538.0,1555.45,4459799,HCLTECH,7229
506,2024-01-17T00:00:00,1520.0,1585.0,1516.55,1575.9,3846289,HCLTECH,7229
507,2024-01-18T00:00:00,1577.0,1584.2,1537.05,1567.55,3205598,HCLTECH,7229
508,2024-01-19T00:00:00,1570.0,1590.0,1558.05,1567.95,2374099,HCLTECH,7229
509,2024-01-20T00:00:00,1580.0,1580.0,1537.05,1544.0,961332,HCLTECH,7229
510,2024-01-23T00:00:00,1558.9,1567.9,1517.05,1523.65,3196630,HCLTECH,7229
511,2024-01-24T00:00:00,1530.1,1581.2,1523.7,1576.4,2136023,HCLTECH,7229
512,2024-01-25T00:00:00,1570.0,1570.0,1536.75,1550.25,2641656,HCLTECH,7229
513,2024-01-29T00:00:00,1565.0,1588.6,1550.25,1574.55,2521598,HCLTECH,7229
514,2024-01-30T00:00:00,1580.0,1592.45,1555.0,1559.3,1939386,HCLTECH,7229
515,2024-01-31T00:00:00,1559.3,1581.3,1546.35,1576.0,7025931,HCLTECH,7229
516,2024-02-01T00:00:00,1576.0,1597.0,1566.35,1577.4,2845408,HCLTECH,7229
517,2024-02-02T00:00:00,1584.8,1613.9,1575.0,1583.75,2337374,HCLTECH,7229
518,2024-02-05T00:00:00,1584.95,1588.5,1551.45,1555.35,1452864,HCLTECH,7229
519,2024-02-06T00:00:00,1566.0,1627.0,1558.05,1623.75,4988311,HCLTECH,7229
520,2024-02-07T00:00:00,1628.0,1629.9,1598.95,1615.35,3320199,HCLTECH,7229
521,2024-02-08T00:00:00,1626.0,1647.7,1617.3,1633.8,3496692,HCLTECH,7229
522,2024-02-09T00:00:00,1640.0,1646.75,1614.65,1630.6,3341297,HCLTECH,7229
523,2024-02-12T00:00:00,1639.0,1685.0,1639.0,1666.95,4885445,HCLTECH,7229
524,2024-02-13T00:00:00,1675.0,1675.0,1648.6,1665.6,3129897,HCLTECH,7229
525,2024-02-14T00:00:00,1649.75,1676.9,1625.45,1671.5,1386643,HCLTECH,7229
526,2024-02-15T00:00:00,1678.0,1696.5,1650.1,1662.55,2555162,HCLTECH,7229
527,2024-02-16T00:00:00,1675.0,1677.0,1650.05,1667.45,1776881,HCLTECH,7229
528,2024-02-19T00:00:00,1670.0,1682.95,1659.65,1675.25,762624,HCLTECH,7229
529,2024-02-20T00:00:00,1661.0,1672.75,1645.0,1663.05,2240414,HCLTECH,7229
530,2024-02-21T00:00:00,1655.55,1664.8,1632.05,1636.3,2890991,HCLTECH,7229
531,2024-02-22T00:00:00,1644.0,1691.4,1639.0,1686.4,3820901,HCLTECH,7229
532,2024-02-23T00:00:00,1697.0,1697.35,1663.45,1665.75,2191549,HCLTECH,7229
533,2024-02-26T00:00:00,1665.75,1668.85,1639.5,1649.8,1844253,HCLTECH,7229
534,2024-02-27T00:00:00,1649.0,1673.4,1648.0,1658.8,2049420,HCLTECH,7229
535,2024-02-28T00:00:00,1664.7,1672.0,1644.2,1651.9,936575,HCLTECH,7229
536,2024-02-29T00:00:00,1642.15,1677.75,1636.65,1663.85,3532888,HCLTECH,7229
537,2024-03-01T00:00:00,1675.45,1679.2,1639.1,1644.1,2371138,HCLTECH,7229
538,2024-03-02T00:00:00,1656.0,1663.0,1643.0,1646.3,74513,HCLTECH,7229
539,2024-03-04T00:00:00,1649.0,1654.0,1635.0,1637.95,1788071,HCLTECH,7229
540,2024-03-05T00:00:00,1624.0,1629.95,1607.05,1619.35,3339546,HCLTECH,7229
541,2024-03-06T00:00:00,1613.0,1650.0,1603.85,1644.2,2366177,HCLTECH,7229
542,2024-03-07T00:00:00,1650.0,1654.55,1630.1,1637.65,3181239,HCLTECH,7229
543,2024-03-11T00:00:00,1655.0,1659.8,1632.05,1638.65,2970902,HCLTECH,7229
544,2024-03-12T00:00:00,1635.9,1665.0,1633.05,1635.6,2414182,HCLTECH,7229
545,2024-03-13T00:00:00,1638.75,1651.25,1610.35,1631.5,2564135,HCLTECH,7229
546,2024-03-14T00:00:00,1634.0,1683.0,1610.0,1679.25,3513306,HCLTECH,7229
547,2024-03-15T00:00:00,1677.0,1677.0,1642.85,1647.3,3931561,HCLTECH,7229
548,2024-03-18T00:00:00,1649.9,1663.3,1634.25,1643.4,1183544,HCLTECH,7229
549,2024-03-19T00:00:00,1641.55,1641.55,1594.1,1599.15,1915379,HCLTECH,7229
550,2024-03-20T00:00:00,1604.75,1619.1,1578.1,1587.1,1815178,HCLTECH,7229
551,2024-03-21T00:00:00,1608.0,1619.95,1583.35,1595.8,2684744,HCLTECH,7229
552,2024-03-22T00:00:00,1560.0,1571.45,1508.2,1557.85,7468824,HCLTECH,7229
553,2024-03-26T00:00:00,1562.25,1592.55,1555.55,1562.25,4496344,HCLTECH,7229
554,2024-03-27T00:00:00,1569.0,1576.85,1540.0,1546.2,2589697,HCLTECH,7229
555,2024-03-28T00:00:00,1549.0,1561.05,1531.0,1543.55,5301493,HCLTECH,7229
556,2024-04-01T00:00:00,1549.0,1569.0,1548.0,1556.7,1014857,HCLTECH,7229
557,2024-04-02T00:00:00,1559.0,1565.0,1525.1,1528.3,2031775,HCLTECH,7229
558,2024-04-03T00:00:00,1525.35,1558.45,1518.0,1535.85,3343884,HCLTECH,7229
559,2024-04-04T00:00:00,1540.8,1552.5,1518.7,1539.65,3388449,HCLTECH,7229
560,2024-04-05T00:00:00,1542.45,1547.7,1523.8,1545.25,2773570,HCLTECH,7229
561,2024-04-08T00:00:00,1554.0,1554.0,1537.65,1540.05,1820136,HCLTECH,7229
562,2024-04-09T00:00:00,1540.0,1561.8,1534.55,1540.5,2432095,HCLTECH,7229
563,2024-04-10T00:00:00,1541.05,1552.15,1536.2,1539.15,1829986,HCLTECH,7229
564,2024-04-12T00:00:00,1537.0,1542.95,1516.2,1521.5,4319991,HCLTECH,7229
565,2024-04-15T00:00:00,1507.1,1530.5,1494.0,1505.05,3295684,HCLTECH,7229
566,2024-04-16T00:00:00,1486.35,1501.6,1467.3,1477.3,2446933,HCLTECH,7229
567,2024-04-18T00:00:00,1477.05,1480.9,1452.1,1466.85,5180223,HCLTECH,7229
568,2024-04-19T00:00:00,1442.0,1455.5,1435.0,1447.5,5219506,HCLTECH,7229
569,2024-04-22T00:00:00,1452.2,1473.3,1450.5,1465.9,1939632,HCLTECH,7229
570,2024-04-23T00:00:00,1474.9,1501.45,1471.1,1486.65,2783858,HCLTECH,7229
571,2024-04-24T00:00:00,1490.0,1496.95,1476.3,1479.25,1321471,HCLTECH,7229
572,2024-04-25T00:00:00,1479.95,1515.05,1479.95,1504.15,4558032,HCLTECH,7229
573,2024-04-26T00:00:00,1516.85,1531.45,1464.95,1473.85,4328477,HCLTECH,7229
574,2024-04-29T00:00:00,1415.0,1436.0,1381.0,1387.4,11493223,HCLTECH,7229
575,2024-04-30T00:00:00,1376.4,1397.9,1362.45,1366.6,7606726,HCLTECH,7229
576,2024-05-02T00:00:00,1358.0,1377.9,1358.0,1360.7,6555505,HCLTECH,7229
577,2024-05-03T00:00:00,1370.0,1370.0,1333.55,1348.05,5964228,HCLTECH,7229
578,2024-05-06T00:00:00,1358.0,1365.0,1348.5,1358.8,2504082,HCLTECH,7229
579,2024-05-07T00:00:00,1347.95,1348.9,1326.15,1330.95,5096525,HCLTECH,7229
580,2024-05-08T00:00:00,1330.95,1334.0,1307.3,1313.65,6832455,HCLTECH,7229
581,2024-05-09T00:00:00,1315.0,1339.0,1314.5,1320.05,5653762,HCLTECH,7229
582,2024-05-10T00:00:00,1320.1,1322.9,1303.6,1316.2,3357203,HCLTECH,7229
583,2024-05-13T00:00:00,1316.2,1321.9,1301.65,1312.9,2316566,HCLTECH,7229
584,2024-05-14T00:00:00,1322.0,1326.95,1308.7,1321.05,3200462,HCLTECH,7229
585,2024-05-15T00:00:00,1319.25,1340.3,1318.25,1332.9,2975965,HCLTECH,7229
586,2024-05-16T00:00:00,1345.0,1357.8,1328.5,1348.15,5055915,HCLTECH,7229
587,2024-05-17T00:00:00,1351.0,1351.0,1330.2,1333.2,2487831,HCLTECH,7229
588,2024-05-18T00:00:00,1335.05,1340.0,1333.05,1338.9,107491,HCLTECH,7229
589,2024-05-21T00:00:00,1314.0,1349.85,1314.0,1341.9,4966721,HCLTECH,7229
590,2024-05-22T00:00:00,1348.95,1352.9,1340.0,1343.05,2390777,HCLTECH,7229
591,2024-05-23T00:00:00,1346.65,1358.45,1338.0,1353.55,3326149,HCLTECH,7229
592,2024-05-24T00:00:00,1360.0,1360.0,1340.85,1345.2,1769966,HCLTECH,7229
593,2024-05-27T00:00:00,1351.0,1359.6,1338.0,1353.3,1942325,HCLTECH,7229
594,2024-05-28T00:00:00,1357.85,1363.3,1345.6,1358.4,2147233,HCLTECH,7229
595,2024-05-29T00:00:00,1366.0,1366.6,1346.95,1353.1,3845920,HCLTECH,7229
596,2024-05-30T00:00:00,1346.0,1351.55,1325.1,1331.85,4150461,HCLTECH,7229
597,2024-05-31T00:00:00,1331.85,1340.9,1315.75,1324.1,10319045,HCLTECH,7229
598,2024-06-03T00:00:00,1350.55,1354.75,1309.85,1314.45,5384064,HCLTECH,7229
599,2024-06-04T00:00:00,1325.0,1325.0,1235.0,1303.55,5447244,HCLTECH,7229
600,2024-06-05T00:00:00,1320.0,1356.9,1316.1,1343.7,3005139,HCLTECH,7229
601,2024-06-06T00:00:00,1354.0,1399.8,1350.9,1397.5,5936709,HCLTECH,7229
602,2024-06-07T00:00:00,1407.0,1438.65,1398.0,1431.5,5884025,HCLTECH,7229
603,2024-06-10T00:00:00,1440.0,1442.0,1397.5,1418.75,3293739,HCLTECH,7229
604,2024-06-11T00:00:00,1425.0,1437.95,1415.4,1428.8,2269082,HCLTECH,7229
605,2024-06-12T00:00:00,1472.0,1472.0,1434.5,1438.75,5990861,HCLTECH,7229
606,2024-06-13T00:00:00,1447.75,1457.7,1437.1,1444.15,4232861,HCLTECH,7229
607,2024-06-14T00:00:00,1444.15,1446.0,1424.4,1431.05,3065114,HCLTECH,7229
608,2024-06-18T00:00:00,1431.05,1439.75,1427.05,1437.2,2223029,HCLTECH,7229
609,2024-06-19T00:00:00,1440.05,1451.9,1430.3,1445.85,3117522,HCLTECH,7229
610,2024-06-20T00:00:00,1448.95,1448.95,1429.55,1443.45,3163919,HCLTECH,7229
611,2024-06-21T00:00:00,1462.0,1481.95,1439.2,1447.85,6489262,HCLTECH,7229
612,2024-06-24T00:00:00,1437.85,1443.95,1426.6,1440.85,1988692,HCLTECH,7229
613,2024-06-25T00:00:00,1440.95,1450.1,1426.45,1447.95,2079037,HCLTECH,7229
614,2024-06-26T00:00:00,1447.95,1453.3,1438.2,1443.7,1917424,HCLTECH,7229
615,2024-06-27T00:00:00,1435.0,1460.55,1423.5,1454.9,6613193,HCLTECH,7229
616,2024-06-28T00:00:00,1468.0,1468.7,1442.0,1459.6,4943575,HCLTECH,7229
617,2024-07-01T00:00:00,1465.0,1478.6,1455.0,1468.85,3723295,HCLTECH,7229
618,2024-07-02T00:00:00,1475.0,1492.45,1473.0,1480.8,3811366,HCLTECH,7229
619,2024-07-03T00:00:00,1489.0,1489.0,1471.2,1481.0,2070876,HCLTECH,7229
620,2024-07-04T00:00:00,1485.0,1534.55,1485.0,1522.35,6822557,HCLTECH,7229
621,2024-07-05T00:00:00,1523.0,1529.25,1505.55,1519.4,3061687,HCLTECH,7229
622,2024-07-08T00:00:00,1528.0,1540.0,1506.2,1533.4,2939620,HCLTECH,7229
623,2024-07-09T00:00:00,1533.4,1546.3,1525.0,1531.1,2658608,HCLTECH,7229
624,2024-07-10T00:00:00,1531.1,1532.6,1487.85,1509.95,3507096,HCLTECH,7229
625,2024-07-11T00:00:00,1515.0,1534.0,1508.05,1511.9,3304053,HCLTECH,7229
626,2024-07-12T00:00:00,1530.0,1566.0,1510.5,1560.2,6430647,HCLTECH,7229
627,2024-07-15T00:00:00,1580.0,1636.4,1567.4,1569.6,10337489,HCLTECH,7229
628,2024-07-16T00:00:00,1565.0,1583.0,1555.0,1569.55,3540661,HCLTECH,7229
629,2024-07-18T00:00:00,1558.05,1599.25,1557.0,1594.55,4399468,HCLTECH,7229
630,2024-07-22T00:00:00,1588.6,1594.5,1570.9,1577.1,2704495,HCLTECH,7229
631,2024-07-23T00:00:00,1574.0,1600.8,1551.1,1598.35,2907674,HCLTECH,7229
632,2024-07-24T00:00:00,1594.0,1598.0,1576.85,1583.7,2484299,HCLTECH,7229
633,2024-07-25T00:00:00,1570.0,1594.0,1562.85,1587.6,2934731,HCLTECH,7229
634,2024-07-26T00:00:00,1602.8,1640.0,1594.0,1635.35,2814159,HCLTECH,7229
635,2024-07-29T00:00:00,1640.2,1645.0,1620.0,1632.35,1639491,HCLTECH,7229
636,2024-07-30T00:00:00,1629.0,1633.0,1618.0,1630.25,1783877,HCLTECH,7229
637,2024-07-31T00:00:00,1621.0,1645.0,1619.2,1642.6,1984986,HCLTECH,7229
638,2024-08-01T00:00:00,1640.05,1655.5,1636.1,1640.55,1785188,HCLTECH,7229
639,2024-08-02T00:00:00,1620.05,1639.0,1601.15,1609.3,1692851,HCLTECH,7229
640,2024-08-05T00:00:00,1575.0,1595.7,1537.0,1562.4,3279717,HCLTECH,7229
641,2024-08-06T00:00:00,1563.0,1605.0,1563.0,1582.75,2138704,HCLTECH,7229
642,2024-08-07T00:00:00,1605.0,1615.0,1590.0,1594.6,1897787,HCLTECH,7229
643,2024-08-08T00:00:00,1597.0,1602.0,1554.55,1557.85,2373805,HCLTECH,7229
644,2024-08-09T00:00:00,1584.9,1602.0,1575.85,1589.95,2021762,HCLTECH,7229
645,2024-08-12T00:00:00,1590.0,1600.5,1573.85,1585.25,1273739,HCLTECH,7229
646,2024-08-13T00:00:00,1578.0,1608.4,1577.65,1592.65,1973825,HCLTECH,7229
647,2024-08-14T00:00:00,1600.1,1629.75,1598.25,1626.15,3932148,HCLTECH,7229
648,2024-08-16T00:00:00,1635.0,1674.0,1632.7,1668.25,3101056,HCLTECH,7229
649,2024-08-19T00:00:00,1665.0,1685.0,1659.05,1678.5,1631947,HCLTECH,7229
650,2024-08-20T00:00:00,1680.0,1695.05,1669.2,1686.75,2786109,HCLTECH,7229
651,2024-08-21T00:00:00,1686.0,1688.85,1673.75,1677.25,1410370,HCLTECH,7229
652,2024-08-22T00:00:00,1687.0,1687.0,1673.0,1676.15,1749127,HCLTECH,7229
653,2024-08-23T00:00:00,1676.05,1685.95,1657.15,1661.45,2158185,HCLTECH,7229
654,2024-08-26T00:00:00,1671.0,1734.0,1667.1,1719.45,2672708,HCLTECH,7229
655,2024-08-27T00:00:00,1725.85,1756.85,1705.1,1711.6,3556487,HCLTECH,7229
656,2024-08-28T00:00:00,1712.55,1737.75,1693.05,1719.45,2516461,HCLTECH,7229
657,2024-08-29T00:00:00,1714.0,1756.0,1697.25,1751.85,5112407,HCLTECH,7229
658,2024-08-30T00:00:00,1751.85,1766.3,1742.2,1753.25,4792561,HCLTECH,7229
659,2024-09-02T00:00:00,1764.2,1812.0,1760.0,1806.65,4445349,HCLTECH,7229
660,2024-09-03T00:00:00,1806.0,1817.15,1787.05,1790.45,2553290,HCLTECH,7229
661,2024-09-04T00:00:00,1765.1,1795.65,1765.0,1785.25,2644961,HCLTECH,7229
662,2024-09-05T00:00:00,1792.0,1797.7,1767.3,1790.55,2878565,HCLTECH,7229
663,2024-09-06T00:00:00,1788.0,1795.75,1740.05,1756.1,3351716,HCLTECH,7229
664,2024-09-09T00:00:00,1758.35,1766.3,1741.15,1746.75,1418238,HCLTECH,7229
665,2024-09-10T00:00:00,1749.45,1789.3,1747.15,1779.1,2307528,HCLTECH,7229
666,2024-09-11T00:00:00,1778.2,1796.85,1773.7,1778.75,2303930,HCLTECH,7229
667,2024-09-12T00:00:00,1800.0,1814.2,1777.1,1807.6,3349489,HCLTECH,7229
668,2024-09-13T00:00:00,1805.0,1820.0,1795.65,1812.8,1599349,HCLTECH,7229
669,2024-09-16T00:00:00,1819.0,1824.25,1808.2,1811.85,836199,HCLTECH,7229
670,2024-09-17T00:00:00,1811.95,1828.0,1807.2,1813.75,830317,HCLTECH,7229
671,2024-09-18T00:00:00,1808.1,1808.1,1740.1,1756.5,2629136,HCLTECH,7229
672,2024-09-19T00:00:00,1776.0,1776.0,1721.5,1736.5,4167373,HCLTECH,7229
673,2024-09-20T00:00:00,1748.0,1766.1,1721.4,1760.05,4644317,HCLTECH,7229
674,2024-09-23T00:00:00,1764.0,1764.0,1732.5,1752.8,1541597,HCLTECH,7229
675,2024-09-24T00:00:00,1750.0,1783.5,1738.35,1775.6,1907389,HCLTECH,7229
676,2024-09-25T00:00:00,1778.8,1784.05,1755.0,1782.4,2240579,HCLTECH,7229
677,2024-09-26T00:00:00,1782.25,1808.4,1778.9,1783.85,4303250,HCLTECH,7229
678,2024-09-27T00:00:00,1810.0,1828.55,1796.55,1808.4,4099016,HCLTECH,7229
679,2024-09-30T00:00:00,1808.0,1820.7,1789.15,1796.1,2117894,HCLTECH,7229
680,2024-10-01T00:00:00,1790.0,1822.45,1790.0,1816.5,1642542,HCLTECH,7229
681,2024-10-03T00:00:00,1778.0,1809.3,1770.0,1778.55,3552386,HCLTECH,7229
682,2024-10-04T00:00:00,1778.0,1807.9,1767.25,1776.6,2982759,HCLTECH,7229
683,2024-10-07T00:00:00,1784.95,1804.2,1767.9,1776.95,3419048,HCLTECH,7229
684,2024-10-08T00:00:00,1774.0,1794.0,1743.0,1789.45,2353030,HCLTECH,7229
685,2024-10-09T00:00:00,1793.05,1825.0,1790.15,1809.7,2499596,HCLTECH,7229
686,2024-10-10T00:00:00,1820.0,1839.95,1797.0,1808.65,3753869,HCLTECH,7229
687,2024-10-11T00:00:00,1804.0,1852.8,1800.65,1839.65,2977110,HCLTECH,7229
688,2024-10-14T00:00:00,1846.05,1865.5,1832.4,1855.9,1751092,HCLTECH,7229
689,2024-10-15T00:00:00,1830.0,1882.75,1829.95,1870.1,5696544,HCLTECH,7229
690,2024-10-16T00:00:00,1869.0,1885.0,1854.05,1865.25,2144442,HCLTECH,7229
691,2024-10-17T00:00:00,1869.9,1877.05,1851.45,1867.8,2399099,HCLTECH,7229
692,2024-10-18T00:00:00,1867.0,1873.9,1843.0,1857.7,2366406,HCLTECH,7229
693,2024-10-21T00:00:00,1875.3,1888.5,1840.0,1843.6,1284980,HCLTECH,7229
694,2024-10-22T00:00:00,1829.8,1852.0,1819.5,1822.75,2089660,HCLTECH,7229
695,2024-10-23T00:00:00,1793.5,1865.0,1793.5,1845.75,2522186,HCLTECH,7229
696,2024-10-24T00:00:00,1845.0,1862.95,1837.7,1844.9,1621637,HCLTECH,7229
697,2024-10-25T00:00:00,1860.0,1871.55,1840.2,1852.35,4078295,HCLTECH,7229
698,2024-10-28T00:00:00,1845.1,1876.8,1845.1,1871.75,2418907,HCLTECH,7229
699,2024-10-29T00:00:00,1871.75,1875.9,1851.2,1871.75,1719955,HCLTECH,7229
700,2024-10-30T00:00:00,1861.0,1869.45,1835.3,1838.8,1732047,HCLTECH,7229
701,2024-10-31T00:00:00,1840.0,1843.9,1756.55,1766.05,3616088,HCLTECH,7229
702,2024-11-01T00:00:00,1777.0,1781.3,1751.0,1757.4,242223,HCLTECH,7229
703,2024-11-04T00:00:00,1763.0,1782.1,1745.0,1762.95,2843690,HCLTECH,7229
704,2024-11-05T00:00:00,1769.0,1783.35,1761.5,1773.55,1818350,HCLTECH,7229
705,2024-11-06T00:00:00,1791.1,1853.0,1783.0,1838.4,3477029,HCLTECH,7229
706,2024-11-07T00:00:00,1850.05,1862.55,1814.2,1831.95,2173869,HCLTECH,7229
707,2024-11-08T00:00:00,1838.95,1854.15,1828.05,1837.5,1521324,HCLTECH,7229
708,2024-11-11T00:00:00,1846.7,1874.0,1834.0,1867.3,1679869,HCLTECH,7229
709,2024-11-12T00:00:00,1891.0,1892.95,1864.45,1872.85,2711052,HCLTECH,7229
710,2024-11-13T00:00:00,1866.0,1879.6,1859.1,1864.75,1254074,HCLTECH,7229
711,2024-11-14T00:00:00,1872.0,1897.0,1846.35,1858.95,2462563,HCLTECH,7229
712,2024-11-18T00:00:00,1858.95,1865.05,1815.0,1835.0,2483933,HCLTECH,7229
713,2024-11-19T00:00:00,1837.0,1865.0,1817.3,1820.55,2354204,HCLTECH,7229
714,2024-11-21T00:00:00,1835.0,1839.55,1820.2,1836.35,1841245,HCLTECH,7229
715,2024-11-22T00:00:00,1846.35,1902.0,1836.5,1898.4,2765950,HCLTECH,7229
716,2024-11-25T00:00:00,1919.0,1919.95,1878.5,1891.7,6531524,HCLTECH,7229
717,2024-11-26T00:00:00,1890.1,1914.95,1889.15,1899.55,2079873,HCLTECH,7229
718,2024-11-27T00:00:00,1896.75,1917.0,1887.1,1891.05,1631975,HCLTECH,7229
719,2024-11-28T00:00:00,1885.1,1900.5,1835.0,1840.9,3631255,HCLTECH,7229
720,2024-11-29T00:00:00,1842.0,1872.3,1833.95,1848.05,2482280,HCLTECH,7229
721,2024-12-02T00:00:00,1848.05,1878.55,1835.45,1871.5,2014744,HCLTECH,7229
722,2024-12-03T00:00:00,1884.0,1896.3,1872.05,1890.75,2954648,HCLTECH,7229
723,2024-12-04T00:00:00,1882.0,1911.0,1877.6,1897.65,3730643,HCLTECH,7229
724,2024-12-05T00:00:00,1885.0,1938.1,1884.0,1924.0,3881814,HCLTECH,7229
725,2024-12-06T00:00:00,1926.0,1939.35,1915.3,1922.7,2250408,HCLTECH,7229
726,2024-12-09T00:00:00,1915.0,1926.05,1901.0,1909.9,1379520,HCLTECH,7229
727,2024-12-10T00:00:00,1916.45,1942.8,1912.2,1936.35,2695207,HCLTECH,7229
728,2024-12-11T00:00:00,1926.25,1934.8,1916.0,1930.9,1387117,HCLTECH,7229
729,2024-12-12T00:00:00,1924.95,1949.0,1921.5,1936.2,2306173,HCLTECH,7229
730,2024-12-13T00:00:00,1939.0,1975.0,1912.35,1968.8,2569918,HCLTECH,7229
731,2024-12-16T00:00:00,1970.85,1980.0,1950.25,1954.4,1371189,HCLTECH,7229
732,2024-12-17T00:00:00,1945.3,1963.2,1938.0,1950.6,1987909,HCLTECH,7229
733,2024-12-18T09:15:00,1948.0,1971.95,1946.75,1958.85,3500713,HCLTECH,7229
